train_acc,train_loss,val_acc,val_loss
0.009684210526315788,4.6083317,0.008400000000000001,4.6068864
0.00928421052631579,4.606415,0.0104,4.6062856
