train_acc,train_loss,val_acc,val_loss
0.03762105263157895,4.36236,0.054400000000000004,4.081953
