train_acc,train_loss,val_acc,val_loss
0.03252631578947369,4.3647723,0.0508,4.152391
0.06374736842105264,4.0536356,0.07440000000000001,4.026845
