train_acc,train_loss,val_acc,val_loss
0.038400000000000004,4.346475,0.0676,4.111938
0.07410526315789474,4.0006394,0.0812,3.9606142
