train_acc,train_loss,val_acc,val_loss
0.03831578947368422,4.3227596,0.06880000000000001,4.0992146
0.06831578947368422,4.0219874,0.06520000000000001,4.1365123
